review,sentiment
"I love this product, it works great!",positive
This is the worst product I have bought.,negative
"It's okay, not the best but not the worst.",neutral
The battery life is amazing.,positive
The camera quality is bad.,negative
Excellent sound quality and easy to use.,positive
"Very disappointing, stopped working in a week.",negative
"Not bad, but expected better.",neutral
Great value for the price.,positive
Too expensive for what it offers.,negative
"Fast delivery, good packaging.",positive
Horrible customer service experience.,negative
I’m satisfied with my purchase.,positive
The design is stylish and modern.,positive
"It arrived broken, very upset.",negative
"Works as expected, no issues so far.",positive
Too complicated to set up.,negative
"Perfect for my needs, highly recommend.",positive
"Overheats quickly, not happy with it.",negative
"Decent product, but could be improved.",neutral
"Absolutely love it, exceeded my expectations.",positive
"Would not buy again, waste of money.",negative
"Solid build quality, feels premium.",positive
"Shipping took too long, disappointed.",negative
The display is clear and vibrant.,positive
"Poor battery performance, drains quickly.",negative
"Does exactly what it says, no complaints.",positive
Too bulky and heavy to carry around.,negative
"Great for beginners, easy to use.",positive
"Terrible experience, regret buying this.",negative
Affordable and gets the job done.,positive
"Features are outdated, needs improvement.",negative
"Good purchase, meets my expectations.",positive
The instructions were unclear and confusing.,negative
Impressive durability and performance.,positive
No difference from cheaper alternatives.,negative
"Amazing, best purchase I’ve made this year!",neutral
"Buttons are hard to press, annoying.",negative
Fair product for the price.,positive
"Loved it at first, but stopped working.",negative
"Smooth performance, very reliable.",positive
"Had to return it, didn't work as expected.",neutral
"Highly recommend, great quality.",positive
"Not worth the hype, just average.",negative
Super fast and responsive.,neutral
"Feels cheap, not durable at all.",positive
Good battery life but average camera.,neutral
Extremely user-friendly interface.,negative
"No major flaws, works fine.",positive
